,State,Country,Last Update,Lat,Long,Confirmed,Recovered,Deaths,Active
0,,Afghanistan,2021-04-24 09:20:58,33.93911,67.709953,58542,52363,2565,3614
1,,Albania,2021-04-24 09:20:58,41.1533,20.1683,130270,104278,2367,23625
2,,Algeria,2021-04-24 09:20:58,28.0339,1.6596,120562,84038,3190,33334
3,,Andorra,2021-04-24 09:20:58,42.5063,1.5218,13007,12423,123,461
4,,Angola,2021-04-24 09:20:58,-11.2027,17.8739,25279,23089,574,1616
5,,Antigua and Barbuda,2021-04-24 09:20:58,17.0608,-61.7964,1222,995,31,196
6,,Argentina,2021-04-24 09:20:58,-38.4161,-63.6167,2824652,2474514,61176,288962
7,,Armenia,2021-04-24 09:20:58,40.0691,45.0382,212878,193360,4001,15517
8,Australian Capital Territory,Australia,2021-04-24 09:20:58,-35.4735,149.0124,123,120,3,0
9,New South Wales,Australia,2021-04-24 09:20:58,-33.8688,151.2093,5419,0,54,5365
10,Northern Territory,Australia,2021-04-24 09:20:58,-12.4634,130.8456,159,111,0,48
11,Queensland,Australia,2021-04-24 09:20:58,-27.4698,153.0251,1525,1454,7,64
12,South Australia,Australia,2021-04-24 09:20:58,-34.9285,138.6007,704,675,4,25
13,Tasmania,Australia,2021-04-24 09:20:58,-42.8821,147.3272,234,221,13,0
14,Victoria,Australia,2021-04-24 09:20:58,-37.8136,144.9631,20508,19665,820,23
15,Western Australia,Australia,2021-04-24 09:20:58,-31.9505,115.8605,984,946,9,29
16,,Austria,2021-04-24 09:20:58,47.5162,14.5501,606954,570684,10070,26200
17,,Azerbaijan,2021-04-24 09:20:58,40.1431,47.5769,309789,274766,4307,30716
18,,Bahamas,2021-04-24 09:20:58,25.025885,-78.035889,9976,9215,196,565
19,,Bahrain,2021-04-24 09:20:58,26.0275,50.55,169254,158133,617,10504
20,,Bangladesh,2021-04-24 09:20:58,23.685,90.3563,739703,647674,10869,81160
21,,Barbados,2021-04-24 09:20:58,13.1939,-59.5432,3820,3718,44,58
22,,Belarus,2021-04-24 09:20:58,53.7098,27.9534,350221,340660,2473,7088
23,Antwerp,Belgium,2021-04-24 09:20:58,51.2195,4.4024,123386,0,0,123386
24,Brussels,Belgium,2021-04-24 09:20:58,50.8503,4.3517,119935,0,0,119935
25,East Flanders,Belgium,2021-04-24 09:20:58,51.0362,3.7373,111290,0,0,111290
26,Flemish Brabant,Belgium,2021-04-24 09:20:58,50.9167,4.5833,73931,0,0,73931
27,Hainaut,Belgium,2021-04-24 09:20:58,50.5257,4.0621,143150,0,0,143150
28,Liege,Belgium,2021-04-24 09:20:58,50.4496,5.8492,119349,0,0,119349
29,Limburg,Belgium,2021-04-24 09:20:58,50.9739,5.342,52399,0,0,52399
30,Luxembourg,Belgium,2021-04-24 09:20:58,50.0547,5.4677,28349,0,0,28349
31,Namur,Belgium,2021-04-24 09:20:58,50.331,4.8221,53730,0,0,53730
32,Unknown,Belgium,2021-04-24 09:20:58,,,18287,0,23954,-5667
33,Walloon Brabant,Belgium,2021-04-24 09:20:58,50.4,4.35,37068,0,0,37068
34,West Flanders,Belgium,2021-04-24 09:20:58,51.0536,3.1458,87233,0,0,87233
35,,Belize,2021-04-24 09:20:58,17.1899,-88.4976,12599,12168,321,110
36,,Benin,2021-04-24 09:20:58,9.3077,2.3158,7720,7510,97,113
37,,Bhutan,2021-04-24 09:20:58,27.5142,90.4336,1008,926,1,81
38,,Bolivia,2021-04-24 09:20:58,-16.2902,-63.5887,295892,244079,12783,39030
39,,Bosnia and Herzegovina,2021-04-24 09:20:58,43.9159,17.6791,194733,153408,8203,33122
40,,Botswana,2021-04-24 09:20:58,-22.3285,24.6849,45855,41338,691,3826
41,Acre,Brazil,2021-04-24 09:20:58,-9.0238,-70.812,76376,63119,1465,11792
42,Alagoas,Brazil,2021-04-24 09:20:58,-9.5713,-36.782,169265,161436,4074,3755
43,Amapa,Brazil,2021-04-24 09:20:58,0.902,-52.003,104109,76149,1502,26458
44,Amazonas,Brazil,2021-04-24 09:20:58,-3.4168,-65.8561,366798,311360,12494,42944
45,Bahia,Brazil,2021-04-24 09:20:58,-12.5797,-41.7007,877484,843954,17804,15726
46,Ceara,Brazil,2021-04-24 09:20:58,-5.4984,-39.3206,641230,440233,16790,184207
47,Distrito Federal,Brazil,2021-04-24 09:20:58,-15.7998,-47.8645,371719,353241,7494,10984
48,Espirito Santo,Brazil,2021-04-24 09:20:58,-19.1834,-40.3089,425549,398099,9079,18371
49,Goias,Brazil,2021-04-24 09:20:58,-15.827,-49.8362,536340,511674,14343,10323
50,Maranhao,Brazil,2021-04-24 09:20:58,-4.9609,-45.2744,261350,234573,7063,19714
51,Mato Grosso,Brazil,2021-04-24 09:20:58,-12.6819,-56.9211,349426,330093,9273,10060
52,Mato Grosso do Sul,Brazil,2021-04-24 09:20:58,-20.7722,-54.7852,241673,224726,5422,11525
53,Minas Gerais,Brazil,2021-04-24 09:20:58,-18.5122,-44.555,1307937,1198780,31494,77663
54,Para,Brazil,2021-04-24 09:20:58,-1.9981,-54.9306,460306,431220,12354,16732
55,Paraiba,Brazil,2021-04-24 09:20:58,-7.24,-36.782,285323,195659,6607,83057
56,Parana,Brazil,2021-04-24 09:20:58,-25.2521,-52.0215,923580,661922,21199,240459
57,Pernambuco,Brazil,2021-04-24 09:20:58,-8.8137,-36.9541,391740,330763,13524,47453
58,Piaui,Brazil,2021-04-24 09:20:58,-7.7183,-42.7289,233228,227049,4886,1293
59,Rio Grande do Norte,Brazil,2021-04-24 09:20:58,-5.4026,-36.9541,215824,150649,5254,59921
60,Rio Grande do Sul,Brazil,2021-04-24 09:20:58,-30.0346,-51.2177,942712,905523,23975,13214
61,Rio de Janeiro,Brazil,2021-04-24 09:20:58,-22.9068,-43.1729,720749,669491,42634,8624
62,Rondonia,Brazil,2021-04-24 09:20:58,-11.5057,-63.5806,208292,190718,4999,12575
63,Roraima,Brazil,2021-04-24 09:20:58,-2.7376,-62.0751,94769,89008,1472,4289
64,Santa Catarina,Brazil,2021-04-24 09:20:58,-27.2423,-50.2189,868607,833192,13014,22401
65,Sao Paulo,Brazil,2021-04-24 09:20:58,-23.5505,-46.6333,2811562,2440374,91673,279515
66,Sergipe,Brazil,2021-04-24 09:20:58,-10.5741,-37.3857,195191,176222,4088,14881
67,Tocantins,Brazil,2021-04-24 09:20:58,-10.1753,-48.2982,155939,137045,2440,16454
68,,Brunei,2021-04-24 09:20:58,4.5353,114.7277,223,210,3,10
69,,Bulgaria,2021-04-24 09:20:58,42.7339,25.4858,396302,323877,15826,56599
70,,Burkina Faso,2021-04-24 09:20:58,12.2383,-1.5616,13231,12887,156,188
71,,Burma,2021-04-24 09:20:58,21.9162,95.956,142687,131921,3206,7560
72,,Burundi,2021-04-24 09:20:58,-3.3731,29.9189,3759,773,6,2980
73,,Cabo Verde,2021-04-24 09:20:58,16.5388,-23.0418,21784,18959,201,2624
74,,Cambodia,2021-04-24 09:20:58,11.55,104.9167,8848,3148,61,5639
75,,Cameroon,2021-04-24 09:20:58,3.848,11.5021,65998,35261,991,29746
76,Alberta,Canada,2021-04-24 09:20:58,53.9333,-116.5765,178777,157272,2059,19446
77,British Columbia,Canada,2021-04-24 09:20:58,53.7267,-127.6476,123758,113139,1554,9065
78,Diamond Princess,Canada,2020-12-21 13:27:30,,,0,0,1,0
79,Grand Princess,Canada,2020-12-21 13:27:30,,,13,13,0,0
80,Manitoba,Canada,2021-04-24 09:20:58,53.7609,-98.8139,37069,34366,964,1739
81,New Brunswick,Canada,2021-04-24 09:20:58,46.5653,-66.4619,1839,1656,34,149
82,Newfoundland and Labrador,Canada,2021-04-24 09:20:58,53.1355,-57.6604,1053,1020,6,27
83,Northwest Territories,Canada,2021-04-24 09:20:58,64.8255,-124.8457,54,49,0,5
84,Nova Scotia,Canada,2021-04-24 09:20:58,44.682,-63.7443,1938,1721,67,150
85,Nunavut,Canada,2021-04-24 09:20:58,70.2998,-83.1076,441,400,4,37
86,Ontario,Canada,2021-04-24 09:20:58,51.2538,-85.3232,445407,400089,7849,37469
87,Prince Edward Island,Canada,2021-04-24 09:20:58,46.5107,-63.4168,175,164,0,11
88,Quebec,Canada,2021-04-24 09:20:58,52.9399,-73.5491,342688,320302,10860,11526
89,Repatriated Travellers,Canada,2021-04-24 09:20:58,,,13,13,0,0
90,Saskatchewan,Canada,2021-04-24 09:20:58,52.9399,-106.4509,39392,36458,471,2463
91,Yukon,Canada,2021-04-24 09:20:58,64.2823,-135.0,80,77,1,2
92,,Central African Republic,2021-04-24 09:20:58,6.6111,20.9394,6224,5112,85,1027
93,,Chad,2021-04-24 09:20:58,15.4542,18.7322,4747,4382,169,196
94,Antofagasta,Chile,2021-04-24 09:20:58,-23.6509,-70.3975,47649,45198,944,1507
95,Araucania,Chile,2021-04-24 09:20:58,-38.9489,-72.3311,67353,62852,828,3673
96,Arica y Parinacota,Chile,2021-04-24 09:20:58,-18.594,-69.4785,19471,18300,388,783
97,Atacama,Chile,2021-04-24 09:20:58,-27.5661,-70.0503,17208,15945,195,1068
98,Aysen,Chile,2021-04-24 09:20:58,-45.9864,-73.7669,4085,3866,30,189
99,Biobio,Chile,2021-04-24 09:20:58,-37.4464,-72.1416,111596,105429,1824,4343
100,Coquimbo,Chile,2021-04-24 09:20:58,-29.959,-71.3389,30883,29168,600,1115
101,Los Lagos,Chile,2021-04-24 09:20:58,-41.9198,-72.1416,67221,64618,889,1714
102,Los Rios,Chile,2021-04-24 09:20:58,-40.231,-72.3311,32492,30875,364,1253
103,Magallanes,Chile,2021-04-24 09:20:58,-52.368,-70.9863,24577,23539,366,672
104,Maule,Chile,2021-04-24 09:20:58,-35.5183,-71.6885,67211,62004,1143,4064
105,Metropolitana,Chile,2021-04-24 09:20:58,-33.4376,-70.6505,481171,450381,13823,16967
106,Nuble,Chile,2021-04-24 09:20:58,-36.7226,-71.7622,24994,23608,447,939
107,OHiggins,Chile,2021-04-24 09:20:58,-34.5755,-71.0022,45975,42932,1008,2035
108,Tarapaca,Chile,2021-04-24 09:20:58,-19.9232,-69.5132,32702,31066,595,1041
109,Unknown,Chile,2021-04-24 09:20:58,,,55,48,0,7
110,Valparaiso,Chile,2021-04-24 09:20:58,-33.0472,-71.6127,81259,75002,2197,4060
111,Anhui,China,2021-04-24 09:20:58,31.8257,117.2264,994,988,6,0
112,Beijing,China,2021-04-24 09:20:58,40.1824,116.4142,1057,1038,9,10
113,Chongqing,China,2021-04-24 09:20:58,30.0572,107.874,594,585,6,3
114,Fujian,China,2021-04-24 09:20:58,26.0789,117.9874,586,561,1,24
115,Gansu,China,2021-04-24 09:20:58,35.7518,104.2861,193,190,2,1
116,Guangdong,China,2021-04-24 09:20:58,23.3417,113.4244,2328,2275,8,45
117,Guangxi,China,2021-04-24 09:20:58,23.8298,108.7881,270,265,2,3
118,Guizhou,China,2021-04-24 09:20:58,26.8154,106.8748,147,145,2,0
119,Hainan,China,2021-04-24 09:20:58,19.1959,109.7453,187,165,6,16
120,Hebei,China,2021-04-24 09:20:58,37.8957,114.9042,1317,1310,7,0
121,Heilongjiang,China,2021-04-24 09:20:58,47.862,127.7615,1610,1597,13,0
122,Henan,China,2021-04-24 09:20:58,33.882,113.614,1312,1285,22,5
123,Hong Kong,China,2021-04-24 09:20:58,22.3,114.2,11727,11325,209,193
124,Hubei,China,2021-04-24 09:20:58,30.9756,112.2707,68157,63640,4512,5
125,Hunan,China,2021-04-24 09:20:58,27.6104,111.7088,1044,1036,4,4
126,Inner Mongolia,China,2021-04-24 09:20:58,44.0935,113.9448,379,376,1,2
127,Jiangsu,China,2021-04-24 09:20:58,32.9711,119.455,717,708,0,9
128,Jiangxi,China,2021-04-24 09:20:58,27.614,115.7221,937,936,1,0
129,Jilin,China,2021-04-24 09:20:58,43.6661,126.1923,573,570,3,0
130,Liaoning,China,2021-04-24 09:20:58,41.2956,122.6085,408,406,2,0
131,Macau,China,2021-04-24 09:20:58,22.1667,113.55,49,49,0,0
132,Ningxia,China,2021-04-24 09:20:58,37.2692,106.1655,75,75,0,0
133,Qinghai,China,2021-04-24 09:20:58,35.7452,95.9956,18,18,0,0
134,Shaanxi,China,2021-04-24 09:20:58,35.1917,108.8701,588,568,3,17
135,Shandong,China,2021-04-24 09:20:58,36.3427,118.1498,876,862,7,7
136,Shanghai,China,2021-04-24 09:20:58,31.202,121.4491,1958,1892,7,59
137,Shanxi,China,2021-04-24 09:20:58,37.5777,112.2922,249,242,0,7
138,Sichuan,China,2021-04-24 09:20:58,30.6171,102.7103,968,948,3,17
139,Tianjin,China,2021-04-24 09:20:58,39.3054,117.323,383,372,3,8
140,Tibet,China,2021-04-24 09:20:58,31.6927,88.0924,1,1,0,0
141,Unknown,China,2021-04-24 09:20:58,,,0,5,0,-5
142,Xinjiang,China,2021-04-24 09:20:58,41.1129,85.2401,980,977,3,0
143,Yunnan,China,2021-04-24 09:20:58,24.974,101.487,338,278,2,58
144,Zhejiang,China,2021-04-24 09:20:58,29.1832,120.0934,1331,1320,1,10
145,Amazonas,Colombia,2021-04-24 09:20:58,-1.4429,-71.5724,6099,5800,235,64
146,Antioquia,Colombia,2021-04-24 09:20:58,7.1986,-75.3412,450099,416668,8938,24493
147,Arauca,Colombia,2021-04-24 09:20:58,7.0762,-70.7105,6275,5858,183,234
148,Atlantico,Colombia,2021-04-24 09:20:58,10.6966,-74.8741,218229,199951,6185,12093
149,Bolivar,Colombia,2021-04-24 09:20:58,8.6704,-74.03,76785,73685,1499,1601
150,Boyaca,Colombia,2021-04-24 09:20:58,5.4545,-73.362,51625,48806,1210,1609
151,Caldas,Colombia,2021-04-24 09:20:58,5.2983,-75.2479,58249,54128,1142,2979
152,Capital District,Colombia,2021-04-24 09:20:58,4.711,-74.0721,758895,701961,15199,41735
153,Caqueta,Colombia,2021-04-24 09:20:58,0.8699,-73.8419,17359,16528,655,176
154,Casanare,Colombia,2021-04-24 09:20:58,5.7589,-71.5724,14360,13471,327,562
155,Cauca,Colombia,2021-04-24 09:20:58,2.705,-76.826,29754,28155,801,798
156,Cesar,Colombia,2021-04-24 09:20:58,9.3373,-73.6536,49970,47018,1366,1586
157,Choco,Colombia,2021-04-24 09:20:58,5.2528,-76.826,7581,7064,213,304
158,Cordoba,Colombia,2021-04-24 09:20:58,8.0493,-75.574,49866,45634,2170,2062
159,Cundinamarca,Colombia,2021-04-24 09:20:58,5.026,-74.03,121396,114761,3236,3399
160,Guainia,Colombia,2021-04-24 09:20:58,2.5854,-68.5247,1411,1371,22,18
161,Guaviare,Colombia,2021-04-24 09:20:58,1.0654,-73.2603,2325,2272,40,13
162,Huila,Colombia,2021-04-24 09:20:58,2.5359,-75.5277,52826,50342,1842,642
163,La Guajira,Colombia,2021-04-24 09:20:58,11.3548,-72.5205,26279,24334,831,1114
164,Magdalena,Colombia,2021-04-24 09:20:58,10.4113,-74.4057,55658,51304,2081,2273
165,Meta,Colombia,2021-04-24 09:20:58,3.272,-73.0877,45602,43961,1042,599
166,Narino,Colombia,2021-04-24 09:20:58,1.2892,-77.3579,52568,49506,1747,1315
167,Norte de Santander,Colombia,2021-04-24 09:20:58,7.9463,-72.8988,54103,50247,2818,1038
168,Putumayo,Colombia,2021-04-24 09:20:58,0.436,-75.5277,8997,8380,336,281
169,Quindio,Colombia,2021-04-24 09:20:58,4.461,-75.6674,38205,36162,1135,908
170,Risaralda,Colombia,2021-04-24 09:20:58,5.3158,-75.9928,54904,51731,1325,1848
171,San Andres y Providencia,Colombia,2021-04-24 09:20:58,12.5567,-81.7185,3294,3112,50,132
172,Santander,Colombia,2021-04-24 09:20:58,6.6437,-73.6536,100313,94150,3601,2562
173,Sucre,Colombia,2021-04-24 09:20:58,8.814,-74.7233,26313,24491,946,876
174,Tolima,Colombia,2021-04-24 09:20:58,4.0925,-75.1545,68477,65316,2194,967
175,Unknown,Colombia,2021-04-24 09:20:58,,,0,0,0,0
176,Valle del Cauca,Colombia,2021-04-24 09:20:58,3.8009,-76.6413,229982,216757,7041,6184
177,Vaupes,Colombia,2021-04-24 09:20:58,0.8554,-70.812,1216,1195,13,8
178,Vichada,Colombia,2021-04-24 09:20:58,4.4234,-69.2878,1529,1500,23,6
179,,Comoros,2021-04-24 09:20:58,-11.6455,43.3333,3829,3650,146,33
180,,Congo (Brazzaville),2021-04-24 09:20:58,-0.228,15.8277,10084,8208,139,1737
181,,Congo (Kinshasa),2021-04-24 09:20:58,-4.0383,21.7587,29405,26135,752,2518
182,,Costa Rica,2021-04-24 09:20:58,9.7489,-83.7534,236930,199982,3136,33812
183,,Cote d'Ivoire,2021-04-24 09:20:58,7.54,-5.5471,45765,45311,279,175
184,,Croatia,2021-04-24 09:20:58,45.1,15.2,318837,295885,6784,16168
185,,Cuba,2021-04-24 09:20:58,21.521757,-77.781167,99208,92960,569,5679
186,,Cyprus,2021-04-24 09:20:58,35.1264,33.4299,60681,39061,297,21323
187,,Czechia,2021-04-24 09:20:58,49.8175,15.473,1618068,1524041,28920,65107
188,,Denmark,2021-04-24 09:20:58,56.2639,9.5018,246463,234341,2472,9650
189,Faroe Islands,Denmark,2021-04-24 09:20:58,61.8926,-6.9118,663,661,1,1
190,Greenland,Denmark,2021-04-24 09:20:58,71.7069,-42.6043,31,31,0,0
191,,Diamond Princess,2021-04-24 09:20:58,,,712,699,13,0
192,,Djibouti,2021-04-24 09:20:58,11.8251,42.5903,10738,10207,132,399
193,,Dominica,2021-04-24 09:20:58,15.415,-61.371,173,171,0,2
194,,Dominican Republic,2021-04-24 09:20:58,18.7357,-70.1627,263470,220678,3448,39344
195,,Ecuador,2021-04-24 09:20:58,-1.8312,-78.1834,371306,309541,18062,43703
196,,Egypt,2021-04-24 09:20:58,26.820553,30.802498,220658,166024,12959,41675
197,,El Salvador,2021-04-24 09:20:58,13.7942,-88.8965,68318,64340,2098,1880
198,,Equatorial Guinea,2021-04-24 09:20:58,1.6508,10.2679,7559,7097,107,355
199,,Eritrea,2021-04-24 09:20:58,15.1794,39.7823,3605,3410,10,185
200,,Estonia,2021-04-24 09:20:58,58.5953,25.0136,120000,107298,1137,11565
201,,Eswatini,2021-04-24 09:20:58,-26.5225,31.4659,18434,17730,671,33
202,,Ethiopia,2021-04-24 09:20:58,9.145,40.4897,249292,188080,3511,57701
203,,Fiji,2021-04-24 09:20:58,-17.7134,178.065,87,65,2,20
204,,Finland,2021-04-24 09:20:58,61.92411,25.748151,85344,46000,903,38441
205,,France,2021-04-24 09:20:58,46.2276,2.2137,5399600,296453,101830,5001317
206,French Guiana,France,2021-04-24 09:20:58,4.0,-53.0,18545,9995,96,8454
207,French Polynesia,France,2021-04-24 09:20:58,-17.6797,-149.4068,18725,4842,141,13742
208,Guadeloupe,France,2021-04-24 09:20:58,16.265,-61.551,12927,2242,194,10491
209,Martinique,France,2021-04-24 09:20:58,14.6415,-61.0242,9758,98,66,9594
210,Mayotte,France,2021-04-24 09:20:58,-12.8275,45.166244,19849,2964,169,16716
211,New Caledonia,France,2021-04-24 09:20:58,-20.904305,165.618042,124,58,0,66
212,Reunion,France,2021-04-24 09:20:58,-21.1151,55.5364,19343,17653,141,1549
213,Saint Barthelemy,France,2021-04-24 09:20:58,17.9,-62.8333,958,462,1,495
214,Saint Pierre and Miquelon,France,2021-04-24 09:20:58,46.8852,-56.3159,25,24,0,1
215,St Martin,France,2021-04-24 09:20:58,18.0708,-63.0501,1720,1399,12,309
216,Wallis and Futuna,France,2021-04-24 09:20:58,-14.2938,-178.1165,440,44,5,391
217,,Gabon,2021-04-24 09:20:58,-0.8037,11.6094,22433,19074,138,3221
218,,Gambia,2021-04-24 09:20:58,13.4432,-15.3101,5820,5272,173,375
219,,Georgia,2021-04-24 09:20:58,42.3154,43.3569,302785,284749,4007,14029
220,Baden-Wurttemberg,Germany,2021-04-24 09:20:58,48.6616,9.3501,424960,373900,9201,41859
221,Bayern,Germany,2021-04-24 09:20:58,48.7904,11.4979,574876,509700,13957,51219
222,Berlin,Germany,2021-04-24 09:20:58,52.52,13.405,163676,150100,3180,10396
223,Brandenburg,Germany,2021-04-24 09:20:58,52.4125,12.5316,99514,88280,3498,7736
224,Bremen,Germany,2021-04-24 09:20:58,53.0793,8.8017,24380,21800,445,2135
225,Hamburg,Germany,2021-04-24 09:20:58,53.5511,9.9937,69925,60790,1456,7679
226,Hessen,Germany,2021-04-24 09:20:58,50.6521,9.1624,253605,222200,6733,24672
227,Mecklenburg-Vorpommern,Germany,2021-04-24 09:20:58,53.6127,12.4296,38254,33190,962,4102
228,Niedersachsen,Germany,2021-04-24 09:20:58,52.6367,9.8451,229651,206700,5209,17742
229,Nordrhein-Westfalen,Germany,2021-04-24 09:20:58,51.4332,7.6616,709522,624000,15201,70321
230,Rheinland-Pfalz,Germany,2021-04-24 09:20:58,50.1183,7.309,135024,118000,3513,13511
231,Saarland,Germany,2021-04-24 09:20:58,49.3964,7.023,35985,32590,962,2433
232,Sachsen,Germany,2021-04-24 09:20:58,51.1045,13.2017,253699,224900,8909,19890
233,Sachsen-Anhalt,Germany,2021-04-24 09:20:58,51.9503,11.6923,87040,76510,3034,7496
234,Schleswig-Holstein,Germany,2021-04-24 09:20:58,54.2194,9.6961,57021,50790,1496,4735
235,Thuringen,Germany,2021-04-24 09:20:58,51.011,10.8453,111876,98140,3736,10000
236,Unknown,Germany,2021-04-24 09:20:58,,,7863,0,0,7863
237,,Ghana,2021-04-24 09:20:58,7.9465,-1.0232,91928,89729,777,1422
238,,Greece,2021-04-24 09:20:58,39.0742,21.8243,329134,93764,9864,225506
239,,Grenada,2021-04-24 09:20:58,12.1165,-61.679,159,155,1,3
240,,Guatemala,2021-04-24 09:20:58,15.7835,-90.2308,219789,194964,7374,17451
241,,Guinea,2021-04-24 09:20:58,9.9456,-9.6966,21803,19107,139,2557
242,,Guinea-Bissau,2021-04-24 09:20:58,11.8037,-15.1804,3722,3222,66,434
243,,Guyana,2021-04-24 09:20:58,4.860416,-58.93018,12448,10619,277,1552
244,,Haiti,2021-04-24 09:20:58,18.9712,-72.2852,12944,11945,251,748
245,,Holy See,2021-04-24 09:20:58,41.9029,12.4534,27,15,0,12
246,,Honduras,2021-04-24 09:20:58,15.2,-86.2419,205696,77531,5095,123070
247,,Hungary,2021-04-24 09:20:58,47.1625,19.5033,767190,478323,26420,262447
248,,Iceland,2021-04-24 09:20:58,64.9631,-19.0208,6390,6227,29,134
249,Andaman and Nicobar Islands,India,2021-04-24 09:20:58,11.225999,92.968178,5569,5358,65,146
250,Andhra Pradesh,India,2021-04-24 09:20:58,15.9129,79.74,1009228,927418,7579,74231
251,Arunachal Pradesh,India,2021-04-24 09:20:58,27.768456,96.384277,17430,16921,56,453
252,Assam,India,2021-04-24 09:20:58,26.357149,92.830441,233453,218339,1172,13942
253,Bihar,India,2021-04-24 09:20:58,25.679658,85.60484,378442,300012,2010,76420
254,Chandigarh,India,2021-04-24 09:20:58,30.733839,76.768278,37232,32180,430,4622
255,Chhattisgarh,India,2021-04-24 09:20:58,21.264705,82.035366,622965,492593,6893,123479
256,Dadra and Nagar Haveli and Daman and Diu,India,2021-04-24 09:20:58,20.194742,73.080901,6142,4353,4,1785
257,Delhi,India,2021-04-24 09:20:58,28.646519,77.10898,980679,875109,13541,92029
258,Goa,India,2021-04-24 09:20:58,15.359682,74.057396,73644,61628,976,11040
259,Gujarat,India,2021-04-24 09:20:58,22.694884,71.590923,467640,361493,6019,100128
260,Haryana,India,2021-04-24 09:20:58,29.20004,76.332824,402843,335143,3643,64057
261,Himachal Pradesh,India,2021-04-24 09:20:58,31.927213,77.233081,84065,70539,1280,12246
262,Jammu and Kashmir,India,2021-04-24 09:20:58,33.75943,76.612638,156344,137240,2111,16993
263,Jharkhand,India,2021-04-24 09:20:58,23.654536,85.557631,190692,145499,1778,43415
264,Karnataka,India,2021-04-24 09:20:58,14.70518,76.166436,1274959,1046554,14075,214330
265,Kerala,India,2021-04-24 09:20:58,10.450898,76.405749,1350501,1166135,5055,179311
266,Ladakh,India,2021-04-24 09:20:58,34.1526,77.5771,13089,10920,135,2034
267,Lakshadweep,India,2021-04-24 09:20:58,13.6999972,72.1833326,1805,884,1,920
268,Madhya Pradesh,India,2021-04-24 09:20:58,23.541513,78.289633,472785,380208,4937,87640
269,Maharashtra,India,2021-04-24 09:20:58,19.449759,76.108221,4161676,3404792,63252,693632
270,Manipur,India,2021-04-24 09:20:58,24.738975,93.882541,30151,29180,381,590
271,Meghalaya,India,2021-04-24 09:20:58,25.536934,91.278882,15631,14236,157,1238
272,Mizoram,India,2021-04-24 09:20:58,23.309381,92.83822,5283,4627,12,644
273,Nagaland,India,2021-04-24 09:20:58,26.06702,94.470302,12889,12338,94,457
274,Odisha,India,2021-04-24 09:20:58,20.505428,84.418059,394694,356003,1973,36718
275,Puducherry,India,2021-04-24 09:20:58,11.882658,78.86498,51372,44314,728,6330
276,Punjab,India,2021-04-24 09:20:58,30.841465,75.40879,326447,274240,8264,43943
277,Rajasthan,India,2021-04-24 09:20:58,26.583423,73.847973,483273,362526,3453,117294
278,Sikkim,India,2021-04-24 09:20:58,27.571671,88.472712,7037,6207,137,693
279,Tamil Nadu,India,2021-04-24 09:20:58,11.006091,78.400624,1051487,943044,13395,95048
280,Telangana,India,2021-04-24 09:20:58,18.1124,79.0193,387106,326997,1961,58148
281,Tripura,India,2021-04-24 09:20:58,23.746783,91.743565,34429,33390,394,645
282,Unknown,India,2021-04-24 09:20:58,,,0,0,0,0
283,Uttar Pradesh,India,2021-04-24 09:20:58,26.925425,80.560982,1013370,728980,10737,273653
284,Uttarakhand,India,2021-04-24 09:20:58,30.156447,79.197608,142349,110379,2021,29949
285,West Bengal,India,2021-04-24 09:20:58,23.814082,87.979803,713780,628218,10825,74737
286,,Indonesia,2021-04-24 09:20:58,-0.7893,113.9213,1632248,1487369,44346,100533
287,,Iran,2021-04-24 09:20:58,32.427908,53.688046,2358809,1850791,68746,439272
288,,Iraq,2021-04-24 09:20:58,33.223191,43.679291,1018321,891007,15174,112140
289,,Ireland,2021-04-24 09:20:58,53.1424,-7.6921,245743,23364,4867,217512
290,,Israel,2021-04-24 09:20:58,31.046051,34.851612,837892,829696,6346,1850
291,Abruzzo,Italy,2021-04-24 09:20:58,42.35122196,13.39843823,70203,58607,2360,9236
292,Basilicata,Italy,2021-04-24 09:20:58,40.63947052,15.80514834,22968,16357,513,6098
293,Calabria,Italy,2021-04-24 09:20:58,38.90597598,16.59440194,57078,41530,975,14573
294,Campania,Italy,2021-04-24 09:20:58,40.83956555,14.25084984,379262,281092,6144,92026
295,Emilia-Romagna,Italy,2021-04-24 09:20:58,44.49436681,11.3417208,362801,295521,12731,54549
296,Friuli Venezia Giulia,Italy,2021-04-24 09:20:58,45.6494354,13.76813649,104049,91773,3645,8631
297,Lazio,Italy,2021-04-24 09:20:58,41.89277044,12.48366722,316047,261777,7468,46802
298,Liguria,Italy,2021-04-24 09:20:58,44.41149315,8.9326992,97650,87265,4119,6266
299,Lombardia,Italy,2021-04-24 09:20:58,45.46679409,9.190347404,791137,702119,32569,56449
300,Marche,Italy,2021-04-24 09:20:58,43.61675973,13.5188753,95834,86052,2896,6886
301,Molise,Italy,2021-04-24 09:20:58,41.55774754,14.65916051,13028,11941,467,620
302,P.A. Bolzano,Italy,2021-04-24 09:20:58,46.49933453,11.35662422,70730,68900,1158,672
303,P.A. Trento,Italy,2021-04-24 09:20:58,46.06893511,11.12123097,43468,40896,1333,1239
304,Piemonte,Italy,2021-04-24 09:20:58,45.0732745,7.680687483,339052,309503,11104,18445
305,Puglia,Italy,2021-04-24 09:20:58,41.12559576,16.86736689,226723,171894,5632,49197
306,Sardegna,Italy,2021-04-24 09:20:58,39.21531192,9.110616306,52911,33776,1343,17792
307,Sicilia,Italy,2021-04-24 09:20:58,38.11569725,13.3623567,201420,170871,5265,25284
308,Toscana,Italy,2021-04-24 09:20:58,43.76923077,11.25588885,220973,191474,5992,23507
309,Umbria,Italy,2021-04-24 09:20:58,43.10675841,12.38824698,53705,49246,1336,3123
310,Valle d'Aosta,Italy,2021-04-24 09:20:58,45.73750286,7.320149366,10598,9311,446,841
311,Veneto,Italy,2021-04-24 09:20:58,45.43490485,12.33845213,406066,371556,11203,23307
312,,Jamaica,2021-04-24 09:20:58,18.1096,-77.2975,44642,20275,752,23615
313,Aichi,Japan,2021-04-24 09:20:58,35.035551,137.211621,31771,28011,609,3151
314,Akita,Japan,2021-04-24 09:20:58,39.748679,140.408228,413,331,9,73
315,Aomori,Japan,2021-04-24 09:20:58,40.781541,140.828896,1435,1178,20,237
316,Chiba,Japan,2021-04-24 09:20:58,35.510141,140.198917,32153,30378,613,1162
317,Ehime,Japan,2021-04-24 09:20:58,33.624835,132.856842,2166,1715,30,421
318,Fukui,Japan,2021-04-24 09:20:58,35.846614,136.224654,843,630,33,180
319,Fukuoka,Japan,2021-04-24 09:20:58,33.526032,130.666949,21275,19168,349,1758
320,Fukushima,Japan,2021-04-24 09:20:58,37.378867,140.223295,3181,2697,118,366
321,Gifu,Japan,2021-04-24 09:20:58,35.778671,137.055925,5473,5075,125,273
322,Gunma,Japan,2021-04-24 09:20:58,36.504479,138.985605,5687,5236,103,348
323,Hiroshima,Japan,2021-04-24 09:20:58,34.605309,132.788719,5622,5223,107,292
324,Hokkaido,Japan,2021-04-24 09:20:58,43.385711,142.552318,23153,20980,832,1341
325,Hyogo,Japan,2021-04-24 09:20:58,35.039913,134.828057,28849,22763,655,5431
326,Ibaraki,Japan,2021-04-24 09:20:58,36.303588,140.319591,7737,7079,132,526
327,Ishikawa,Japan,2021-04-24 09:20:58,36.769464,136.771027,2312,1987,69,256
328,Iwate,Japan,2021-04-24 09:20:58,39.593287,141.361777,811,732,31,48
329,Kagawa,Japan,2021-04-24 09:20:58,34.217292,133.969047,1146,970,20,156
330,Kagoshima,Japan,2021-04-24 09:20:58,31.009484,130.430665,2003,1917,30,56
331,Kanagawa,Japan,2021-04-24 09:20:58,35.415312,139.338983,52248,49353,809,2086
332,Kochi,Japan,2021-04-24 09:20:58,33.422519,133.367307,981,933,19,29
333,Kumamoto,Japan,2021-04-24 09:20:58,32.608154,130.745231,3807,3487,78,242
334,Kyoto,Japan,2021-04-24 09:20:58,35.253815,135.443341,11561,10142,179,1240
335,Mie,Japan,2021-04-24 09:20:58,34.508018,136.376013,3489,2970,76,443
336,Miyagi,Japan,2021-04-24 09:20:58,38.446859,140.927086,7879,7010,57,812
337,Miyazaki,Japan,2021-04-24 09:20:58,32.193204,131.299374,2120,2001,21,98
338,Nagano,Japan,2021-04-24 09:20:58,36.132134,138.045528,3674,3260,53,361
339,Nagasaki,Japan,2021-04-24 09:20:58,33.235712,129.608033,1923,1633,40,250
340,Nara,Japan,2021-04-24 09:20:58,34.317451,135.871644,5492,4506,68,918
341,Niigata,Japan,2021-04-24 09:20:58,37.521819,138.918647,2147,1754,17,376
342,Oita,Japan,2021-04-24 09:20:58,33.200697,131.43324,1578,1331,24,223
343,Okayama,Japan,2021-04-24 09:20:58,34.89246,133.826252,3447,2907,38,502
344,Okinawa,Japan,2021-04-24 09:20:58,25.768923,126.668016,11999,10540,134,1325
345,Osaka,Japan,2021-04-24 09:20:58,34.620965,135.507481,74484,55555,1336,17593
346,Port Quarantine,Japan,2021-04-24 09:20:58,,,2638,2493,3,142
347,Saga,Japan,2021-04-24 09:20:58,33.286977,130.115738,1490,1280,14,196
348,Saitama,Japan,2021-04-24 09:20:58,35.997101,139.347635,36491,33664,735,2092
349,Shiga,Japan,2021-04-24 09:20:58,35.215827,136.138064,3435,2923,61,451
350,Shimane,Japan,2021-04-24 09:20:58,35.07076,132.554064,335,296,0,39
351,Shizuoka,Japan,2021-04-24 09:20:58,34.916975,138.407784,6296,5875,120,301
352,Tochigi,Japan,2021-04-24 09:20:58,36.689912,139.819213,5181,4913,71,197
353,Tokushima,Japan,2021-04-24 09:20:58,33.919178,134.242091,1068,685,30,353
354,Tokyo,Japan,2021-04-24 09:20:58,35.711343,139.446921,134606,125991,1853,6762
355,Tottori,Japan,2021-04-24 09:20:58,35.359069,133.863619,353,270,2,81
356,Toyama,Japan,2021-04-24 09:20:58,36.637464,137.269346,1249,1052,29,168
357,Unknown,Japan,2021-04-24 09:20:58,,,8,8,0,0
358,Wakayama,Japan,2021-04-24 09:20:58,33.911879,135.505446,1979,1547,22,410
359,Yamagata,Japan,2021-04-24 09:20:58,38.448396,140.102154,1418,1189,31,198
360,Yamaguchi,Japan,2021-04-24 09:20:58,34.20119,131.573293,1674,1419,43,212
361,Yamanashi,Japan,2021-04-24 09:20:58,35.612364,138.611489,1120,1029,19,72
362,,Jordan,2021-04-24 09:20:58,31.24,36.51,699164,661432,8514,29218
363,,Kazakhstan,2021-04-24 09:20:58,48.0196,66.9237,355918,310933,3304,41681
364,,Kenya,2021-04-24 09:20:58,-0.0236,37.9062,155165,106093,2583,46489
365,,"Korea, South",2021-04-24 09:20:58,35.907757,127.766922,118243,107781,1812,8650
366,,Kosovo,2021-04-24 09:20:58,42.602636,20.902977,102720,89432,2115,11173
367,,Kuwait,2021-04-24 09:20:58,29.31166,47.481766,264198,247136,1502,15560
368,,Kyrgyzstan,2021-04-24 09:20:58,41.20438,74.766098,93603,87880,1578,4145
369,,Laos,2021-04-24 09:20:58,19.85627,102.495496,159,49,0,110
370,,Latvia,2021-04-24 09:20:58,56.8796,24.6032,114244,103953,2094,8197
371,,Lebanon,2021-04-24 09:20:58,33.8547,35.8623,518104,441631,7090,69383
372,,Lesotho,2021-04-24 09:20:58,-29.61,28.2336,10723,6267,316,4140
373,,Liberia,2021-04-24 09:20:58,6.428055,-9.429499,2097,1940,85,72
374,,Libya,2021-04-24 09:20:58,26.3351,17.228331,174752,160113,2947,11692
375,,Liechtenstein,2021-04-24 09:20:58,47.14,9.55,2855,2724,57,74
376,,Lithuania,2021-04-24 09:20:58,55.1694,23.8813,240522,217779,3841,18902
377,,Luxembourg,2021-04-24 09:20:58,49.8153,6.1296,66007,62183,790,3034
378,,MS Zaandam,2021-04-24 09:20:58,,,9,7,2,0
379,,Madagascar,2021-04-24 09:20:58,-18.766947,46.869107,34775,27646,588,6541
380,,Malawi,2021-04-24 09:20:58,-13.2543,34.3015,33989,31864,1145,980
381,,Malaysia,2021-04-24 09:20:58,4.210484,101.975766,387535,363608,1415,22512
382,,Maldives,2021-04-24 09:20:58,3.2028,73.2207,27403,24116,71,3216
383,,Mali,2021-04-24 09:20:58,17.570692,-3.996166,13504,7804,460,5240
384,,Malta,2021-04-24 09:20:58,35.9375,14.3754,30129,29204,412,513
385,,Marshall Islands,2021-04-24 09:20:58,7.1315,171.1845,4,4,0,0
386,,Mauritania,2021-04-24 09:20:58,21.0079,-10.9408,18207,17560,454,193
387,,Mauritius,2021-04-24 09:20:58,-20.348404,57.552152,1205,996,16,193
388,Aguascalientes,Mexico,2021-04-24 09:20:58,21.8853,-102.2916,25813,0,2350,23463
389,Baja California,Mexico,2021-04-24 09:20:58,30.8406,-115.2838,47421,0,8032,39389
390,Baja California Sur,Mexico,2021-04-24 09:20:58,26.0444,-111.6661,29882,0,1337,28545
391,Campeche,Mexico,2021-04-24 09:20:58,19.8301,-90.5349,9263,0,1181,8082
392,Chiapas,Mexico,2021-04-24 09:20:58,16.7569,-93.1292,10797,0,1532,9265
393,Chihuahua,Mexico,2021-04-24 09:20:58,28.633,-106.0691,51011,0,6582,44429
394,Ciudad de Mexico,Mexico,2021-04-24 09:20:58,19.4326,-99.1332,634752,0,32241,602511
395,Coahuila,Mexico,2021-04-24 09:20:58,27.0587,-101.7068,67755,0,6164,61591
396,Colima,Mexico,2021-04-24 09:20:58,19.1223,-104.0072,11142,0,1171,9971
397,Durango,Mexico,2021-04-24 09:20:58,24.5593,-104.6588,33259,0,2361,30898
398,Guanajuato,Mexico,2021-04-24 09:20:58,21.019,-101.2574,130140,0,10471,119669
399,Guerrero,Mexico,2021-04-24 09:20:58,17.4392,-99.5451,39244,0,4293,34951
400,Hidalgo,Mexico,2021-04-24 09:20:58,20.0911,-98.7624,37949,0,6050,31899
401,Jalisco,Mexico,2021-04-24 09:20:58,20.6595,-103.3494,84833,0,11777,73056
402,Mexico,Mexico,2021-04-24 09:20:58,19.4969,-99.7233,242530,0,33643,208887
403,Michoacan,Mexico,2021-04-24 09:20:58,19.5665,-101.7068,46837,0,5510,41327
404,Morelos,Mexico,2021-04-24 09:20:58,18.6813,-99.1013,31795,0,3034,28761
405,Nayarit,Mexico,2021-04-24 09:20:58,21.7514,-104.8455,11670,0,1777,9893
406,Nuevo Leon,Mexico,2021-04-24 09:20:58,25.5922,-99.9962,121975,0,9272,112703
407,Oaxaca,Mexico,2021-04-24 09:20:58,17.0732,-96.7266,45580,0,3427,42153
408,Puebla,Mexico,2021-04-24 09:20:58,19.0414,-98.2063,82479,0,11178,71301
409,Queretaro,Mexico,2021-04-24 09:20:58,20.5888,-100.3899,67583,0,4102,63481
410,Quintana Roo,Mexico,2021-04-24 09:20:58,19.1817,-88.4791,22616,0,2591,20025
411,San Luis Potosi,Mexico,2021-04-24 09:20:58,22.1565,-100.9855,62043,0,5142,56901
412,Sinaloa,Mexico,2021-04-24 09:20:58,25.1721,-107.4795,37474,0,5959,31515
413,Sonora,Mexico,2021-04-24 09:20:58,29.2972,-110.3309,72772,0,6472,66300
414,Tabasco,Mexico,2021-04-24 09:20:58,17.8409,-92.6189,63683,0,4014,59669
415,Tamaulipas,Mexico,2021-04-24 09:20:58,24.2669,-98.8363,56127,0,4810,51317
416,Tlaxcala,Mexico,2021-04-24 09:20:58,19.3139,-98.2404,19294,0,2375,16919
417,Unknown,Mexico,2021-04-24 09:20:58,,,0,1845008,0,-1845008
418,Veracruz,Mexico,2021-04-24 09:20:58,19.1738,-96.1342,59298,0,9346,49952
419,Yucatan,Mexico,2021-04-24 09:20:58,20.7099,-89.0943,36665,0,3575,33090
420,Zacatecas,Mexico,2021-04-24 09:20:58,22.7709,-102.5832,29748,0,2735,27013
421,,Micronesia,2021-04-24 09:20:58,7.4256,150.5508,1,1,0,0
422,,Moldova,2021-04-24 09:20:58,47.4116,28.3699,248518,235965,5691,6862
423,,Monaco,2021-04-24 09:20:58,43.7333,7.4167,2426,2317,31,78
424,,Mongolia,2021-04-24 09:20:58,46.8625,103.8467,29219,14745,74,14400
425,,Montenegro,2021-04-24 09:20:58,42.708678,19.37439,96348,92142,1457,2749
426,,Morocco,2021-04-24 09:20:58,31.7917,-7.0926,508530,494415,8983,5132
427,,Mozambique,2021-04-24 09:20:58,-18.665695,35.529562,69597,62408,806,6383
428,,Namibia,2021-04-24 09:20:58,-22.9576,18.4904,47383,45278,622,1483
429,,Nepal,2021-04-24 09:20:58,28.1667,84.25,294601,276755,3122,14724
430,Aruba,Netherlands,2021-04-24 09:20:58,12.5211,-69.9683,10505,10069,97,339
431,"Bonaire, Sint Eustatius and Saba",Netherlands,2021-01-08 23:22:27,12.1784,-68.2385,196,180,3,13
432,Curacao,Netherlands,2021-04-24 09:20:58,12.1696,-68.99,12058,10291,102,1665
433,Drenthe,Netherlands,2021-04-24 09:20:58,52.862485,6.618435,29861,0,341,29520
434,Flevoland,Netherlands,2021-04-24 09:20:58,52.550383,5.515162,32512,0,232,32280
435,Friesland,Netherlands,2021-04-24 09:20:58,53.087337,5.7925,37719,0,459,37260
436,Gelderland,Netherlands,2021-04-24 09:20:58,52.061738,5.939114,160476,0,1948,158528
437,Groningen,Netherlands,2021-04-24 09:20:58,53.217922,6.741514,34236,0,245,33991
438,Limburg,Netherlands,2021-04-24 09:20:58,51.209227,5.93387,96447,0,1565,94882
439,Noord-Brabant,Netherlands,2021-04-24 09:20:58,51.561174,5.184942,229985,0,3057,226928
440,Noord-Holland,Netherlands,2021-04-24 09:20:58,52.600906,4.918688,245594,0,2491,243103
441,Overijssel,Netherlands,2021-04-24 09:20:58,52.444558,6.441722,94198,0,1101,93097
442,Sint Maarten,Netherlands,2021-04-24 09:20:58,18.0425,-63.0548,2214,2174,27,13
443,Unknown,Netherlands,2021-04-24 09:20:58,,,3370,0,13,3357
444,Utrecht,Netherlands,2021-04-24 09:20:58,52.084251,5.163824,111740,0,1231,110509
445,Zeeland,Netherlands,2021-04-24 09:20:58,51.47936,3.861559,24646,0,233,24413
446,Zuid-Holland,Netherlands,2021-04-24 09:20:58,51.937835,4.462114,344280,0,4100,340180
447,,New Zealand,2021-04-24 09:20:58,-40.9006,174.886,2600,2542,26,32
448,,Nicaragua,2021-04-24 09:20:58,12.865416,-85.207229,6835,4225,181,2429
449,,Niger,2021-04-24 09:20:58,17.607789,8.081666,5143,4812,191,140
450,,Nigeria,2021-04-24 09:20:58,9.082,8.6753,164633,154643,2061,7929
451,,North Macedonia,2021-04-24 09:20:58,41.6086,21.7453,149710,127139,4628,17943
452,,Norway,2021-04-24 09:20:58,60.472,8.4689,110061,17998,736,91327
453,,Oman,2021-04-24 09:20:58,21.512583,55.923255,185278,165051,1942,18285
454,Azad Jammu and Kashmir,Pakistan,2021-04-24 09:20:58,34.027401,73.947253,16327,13589,458,2280
455,Balochistan,Pakistan,2021-04-24 09:20:58,28.328492,65.898403,21477,20105,230,1142
456,Gilgit-Baltistan,Pakistan,2021-04-24 09:20:58,35.792146,74.982138,5247,5033,104,110
457,Islamabad,Pakistan,2021-04-24 09:20:58,33.665087,73.121219,72613,59080,657,12876
458,Khyber Pakhtunkhwa,Pakistan,2021-04-24 09:20:58,34.485332,72.09169,112140,94675,3066,14399
459,Punjab,Pakistan,2021-04-24 09:20:58,30.811346,72.139132,285542,232135,7897,45510
460,Sindh,Pakistan,2021-04-24 09:20:58,26.009446,68.776807,276670,261871,4587,10212
461,,Panama,2021-04-24 09:20:58,8.538,-80.7821,362358,352255,6200,3903
462,,Papua New Guinea,2021-04-24 09:20:58,-6.314993,143.95555,10338,7364,99,2199
463,,Paraguay,2021-04-24 09:20:58,-23.4425,-58.4438,263134,215702,5715,41717
464,Amazonas,Peru,2021-04-24 09:20:58,-5.077253,-78.050172,25367,0,418,24949
465,Ancash,Peru,2021-04-24 09:20:58,-9.407125,-77.671795,59735,0,2479,57256
466,Apurimac,Peru,2021-04-24 09:20:58,-14.027713,-72.975378,17816,0,416,17400
467,Arequipa,Peru,2021-04-24 09:20:58,-15.843524,-72.475539,70343,0,2323,68020
468,Ayacucho,Peru,2021-04-24 09:20:58,-14.091648,-74.08344,25458,0,692,24766
469,Cajamarca,Peru,2021-04-24 09:20:58,-6.430284,-78.745596,48543,0,1117,47426
470,Callao,Peru,2021-04-24 09:20:58,-11.954609,-77.136042,89279,0,3085,86194
471,Cusco,Peru,2021-04-24 09:20:58,-13.191068,-72.153609,51390,0,1067,50323
472,Huancavelica,Peru,2021-04-24 09:20:58,-13.023888,-75.00277,12491,0,346,12145
473,Huanuco,Peru,2021-04-24 09:20:58,-9.421676,-76.040642,29189,0,899,28290
474,Ica,Peru,2021-04-24 09:20:58,-14.235097,-75.574821,47416,0,2639,44777
475,Junin,Peru,2021-04-24 09:20:58,-11.541783,-74.876968,58354,0,2005,56349
476,La Libertad,Peru,2021-04-24 09:20:58,-7.92139,-78.370238,62393,0,3599,58794
477,Lambayeque,Peru,2021-04-24 09:20:58,-6.353049,-79.824113,47592,0,2431,45161
478,Lima,Peru,2021-04-24 09:20:58,-11.766533,-76.604498,803011,0,25805,777206
479,Loreto,Peru,2021-04-24 09:20:58,-4.124847,-74.424115,37933,0,1387,36546
480,Madre de Dios,Peru,2021-04-24 09:20:58,-11.972699,-70.53172,12557,0,220,12337
481,Moquegua,Peru,2021-04-24 09:20:58,-16.860271,-70.839046,22835,0,520,22315
482,Pasco,Peru,2021-04-24 09:20:58,-10.39655,-75.307635,12417,0,344,12073
483,Piura,Peru,2021-04-24 09:20:58,-5.133361,-80.335861,66991,0,2839,64152
484,Puno,Peru,2021-04-24 09:20:58,-14.995827,-69.922726,27904,0,756,27148
485,San Martin,Peru,2021-04-24 09:20:58,-7.039531,-76.729127,38668,0,1108,37560
486,Tacna,Peru,2021-04-24 09:20:58,-17.644161,-70.27756,22948,0,719,22229
487,Tumbes,Peru,2021-04-24 09:20:58,-3.857496,-80.545255,14715,0,532,14183
488,Ucayali,Peru,2021-04-24 09:20:58,-9.621718,-73.444929,29261,0,858,28403
489,Unknown,Peru,2021-04-24 09:20:58,,,11049,1670805,408,-1660164
490,,Philippines,2021-04-24 09:20:58,12.879721,121.774017,989380,883221,16674,89485
491,,Poland,2021-04-24 09:20:58,51.9194,19.1451,2751632,2422659,65222,263751
492,,Portugal,2021-04-24 09:20:58,39.3999,-8.2245,833397,791751,16957,24689
493,,Qatar,2021-04-24 09:20:58,25.3548,51.1839,200778,178461,413,21904
494,,Romania,2021-04-24 09:20:58,45.9432,24.9668,1042521,963840,27113,51568
495,Adygea Republic,Russia,2021-04-24 09:20:58,44.6939006,40.1520421,14352,13786,171,395
496,Altai Krai,Russia,2021-04-24 09:20:58,52.6932243,82.6931424,49109,44025,2021,3063
497,Altai Republic,Russia,2021-04-24 09:20:58,50.7114101,86.8572186,16784,16493,226,65
498,Amur Oblast,Russia,2021-04-24 09:20:58,52.8032368,128.437295,22216,21345,274,597
499,Arkhangelsk Oblast,Russia,2021-04-24 09:20:58,63.5589686,43.1221646,61475,57661,915,2899
500,Astrakhan Oblast,Russia,2021-04-24 09:20:58,47.1878186,47.608851,32362,30902,718,742
501,Bashkortostan Republic,Russia,2021-04-24 09:20:58,54.8573563,57.1439682,34691,31931,430,2330
502,Belgorod Oblast,Russia,2021-04-24 09:20:58,50.7080119,37.5837615,36222,34172,616,1434
503,Bryansk Oblast,Russia,2021-04-24 09:20:58,52.8873315,33.415853,37624,36764,303,557
504,Buryatia Republic,Russia,2021-04-24 09:20:58,52.7182426,109.492143,36948,35595,831,522
505,Chechen Republic,Russia,2021-04-24 09:20:58,43.3976147,45.6985005,11920,11620,120,180
506,Chelyabinsk Oblast,Russia,2021-04-24 09:20:58,54.4223954,61.1865846,58128,53709,1389,3030
507,Chukotka Autonomous Okrug,Russia,2021-04-24 09:20:58,66.0006475,169.4900869,746,733,7,6
508,Chuvashia Republic,Russia,2021-04-24 09:20:58,55.4259922,47.0849429,23829,21705,1338,786
509,Dagestan Republic,Russia,2021-04-24 09:20:58,43.0574916,47.1332224,32036,29659,1440,937
510,Ingushetia Republic,Russia,2021-04-24 09:20:58,43.11542075,45.01713552,15354,13581,185,1588
511,Irkutsk Oblast,Russia,2021-04-24 09:20:58,56.6370122,104.719221,65251,62260,2191,800
512,Ivanovo Oblast,Russia,2021-04-24 09:20:58,56.9167446,41.4352137,33986,32338,1129,519
513,Jewish Autonomous Okrug,Russia,2021-04-24 09:20:58,48.57527615,132.6630746,4467,4279,125,63
514,Kabardino-Balkarian Republic,Russia,2021-04-24 09:20:58,43.4806048,43.5978976,23585,22700,439,446
515,Kaliningrad Oblast,Russia,2021-04-24 09:20:58,54.7293041,21.1489473,31396,29464,385,1547
516,Kalmykia Republic,Russia,2021-04-24 09:20:58,46.2313018,45.3275745,20342,19639,339,364
517,Kaluga Oblast,Russia,2021-04-24 09:20:58,54.4382773,35.5272854,33683,31778,306,1599
518,Kamchatka Krai,Russia,2021-04-24 09:20:58,57.1914882,160.0383819,14390,13741,217,432
519,Karachay-Cherkess Republic,Russia,2021-04-24 09:20:58,43.7368326,41.7267991,19970,19841,73,56
520,Karelia Republic,Russia,2021-04-24 09:20:58,62.6194031,33.4920267,45417,43443,450,1524
521,Kemerovo Oblast,Russia,2021-04-24 09:20:58,54.5335781,87.342861,34628,33558,654,416
522,Khabarovsk Krai,Russia,2021-04-24 09:20:58,51.6312684,136.121524,51526,49315,374,1837
523,Khakassia Republic,Russia,2021-04-24 09:20:58,53.72258845,91.44293627,22221,21441,521,259
524,Khanty-Mansi Autonomous Okrug,Russia,2021-04-24 09:20:58,61.0259025,69.0982628,55624,54301,790,533
525,Kirov Oblast,Russia,2021-04-24 09:20:58,57.9665589,49.4074599,41586,38748,342,2496
526,Komi Republic,Russia,2021-04-24 09:20:58,63.9881421,54.3326073,42994,41786,881,327
527,Kostroma Oblast,Russia,2021-04-24 09:20:58,58.424756,44.2533273,20423,17714,432,2277
528,Krasnodar Krai,Russia,2021-04-24 09:20:58,45.7684014,39.0261044,44773,39373,2589,2811
529,Krasnoyarsk Krai,Russia,2021-04-24 09:20:58,63.3233807,97.0979974,69539,64132,3428,1979
530,Kurgan Oblast,Russia,2021-04-24 09:20:58,55.7655302,64.5632681,20113,18721,380,1012
531,Kursk Oblast,Russia,2021-04-24 09:20:58,51.6568453,36.4852695,35934,33433,674,1827
532,Leningrad Oblast,Russia,2021-04-24 09:20:58,60.1853296,32.3925325,41983,39304,1122,1557
533,Lipetsk Oblast,Russia,2021-04-24 09:20:58,52.6935178,39.1122664,29383,26391,627,2365
534,Magadan Oblast,Russia,2021-04-24 09:20:58,62.48858785,153.9903764,8313,8153,99,61
535,Mari El Republic,Russia,2021-04-24 09:20:58,56.5767504,47.8817512,12951,12336,225,390
536,Mordovia Republic,Russia,2021-04-24 09:20:58,54.4419829,44.4661144,19856,17888,235,1733
537,Moscow,Russia,2021-04-24 09:20:58,55.7504461,37.6174943,1075242,980003,17923,77316
538,Moscow Oblast,Russia,2021-04-24 09:20:58,55.5043158,38.0353929,245578,202505,5727,37346
539,Murmansk Oblast,Russia,2021-04-24 09:20:58,68.0000418,33.9999151,50166,47586,1143,1437
540,Nenets Autonomous Okrug,Russia,2021-04-24 09:20:58,68.27557185,57.1686375,1094,1056,4,34
541,Nizhny Novgorod Oblast,Russia,2021-04-24 09:20:58,55.4718033,44.0911594,112711,107883,3093,1735
542,North Ossetia - Alania Republic,Russia,2021-04-24 09:20:58,42.7933611,44.6324493,16656,16015,194,447
543,Novgorod Oblast,Russia,2021-04-24 09:20:58,58.2843833,32.5169757,29649,27491,121,2037
544,Novosibirsk Oblast,Russia,2021-04-24 09:20:58,54.9720169,79.4813924,40581,37549,1727,1305
545,Omsk Oblast,Russia,2021-04-24 09:20:58,56.0935263,73.5099936,45315,42678,1371,1266
546,Orel Oblast,Russia,2021-04-24 09:20:58,52.9685433,36.0692477,33754,31543,548,1663
547,Orenburg Oblast,Russia,2021-04-24 09:20:58,52.0269262,54.7276647,41853,37931,823,3099
548,Penza Oblast,Russia,2021-04-24 09:20:58,53.1655415,44.7879181,44288,41640,605,2043
549,Perm Krai,Russia,2021-04-24 09:20:58,58.5951603,56.3159546,53734,48503,2115,3116
550,Primorsky Krai,Russia,2021-04-24 09:20:58,45.0819456,134.726645,43339,40724,707,1908
551,Pskov Oblast,Russia,2021-04-24 09:20:58,57.5358729,28.8586826,35762,25789,320,9653
552,Rostov Oblast,Russia,2021-04-24 09:20:58,47.6222451,40.7957942,86339,77317,3987,5035
553,Ryazan Oblast,Russia,2021-04-24 09:20:58,54.4226732,40.5705246,27465,25897,434,1134
554,Saint Petersburg,Russia,2021-04-24 09:20:58,59.9606739,30.1586551,410768,367807,12978,29983
555,Sakha (Yakutiya) Republic,Russia,2021-04-24 09:20:58,66.941626,129.642371,34576,33071,595,910
556,Sakhalin Oblast,Russia,2021-04-24 09:20:58,49.7219665,143.448533,22397,21998,41,358
557,Samara Oblast,Russia,2021-04-24 09:20:58,53.2128813,50.8914633,60244,57369,1415,1460
558,Saratov Oblast,Russia,2021-04-24 09:20:58,51.6520555,46.8631952,58077,52640,913,4524
559,Smolensk Oblast,Russia,2021-04-24 09:20:58,55.0343496,33.0192065,29096,27661,843,592
560,Stavropol Krai,Russia,2021-04-24 09:20:58,44.8632577,43.4406913,52407,49517,1325,1565
561,Sverdlovsk Oblast,Russia,2021-04-24 09:20:58,58.6414755,61.8021546,85384,78991,3008,3385
562,Tambov Oblast,Russia,2021-04-24 09:20:58,52.9019574,41.3578918,31158,28618,457,2083
563,Tatarstan Republic,Russia,2021-04-24 09:20:58,55.7648572,52.43104273,20203,17306,451,2446
564,Tomsk Oblast,Russia,2021-04-24 09:20:58,58.6124279,82.0475315,31952,31013,386,553
565,Tula Oblast,Russia,2021-04-24 09:20:58,53.9570701,37.3690909,38086,35699,1780,607
566,Tver Oblast,Russia,2021-04-24 09:20:58,57.1134475,35.1744428,39428,37522,850,1056
567,Tyumen Oblast,Russia,2021-04-24 09:20:58,58.8206488,70.3658837,34793,33167,451,1175
568,Tyva Republic,Russia,2021-04-24 09:20:58,51.4017149,93.8582593,15799,15330,201,268
569,Udmurt Republic,Russia,2021-04-24 09:20:58,57.1961165,52.6959832,32313,28989,801,2523
570,Ulyanovsk Oblast,Russia,2021-04-24 09:20:58,54.1463177,47.2324921,52821,50077,1122,1622
571,Vladimir Oblast,Russia,2021-04-24 09:20:58,56.0503336,40.6561633,31523,28937,1075,1511
572,Volgograd Oblast,Russia,2021-04-24 09:20:58,49.6048339,44.2903582,56151,53730,1065,1356
573,Vologda Oblast,Russia,2021-04-24 09:20:58,60.0391461,43.1215213,44463,41471,975,2017
574,Voronezh Oblast,Russia,2021-04-24 09:20:58,50.9800393,40.1506507,79429,74615,2582,2232
575,Yamalo-Nenets Autonomous Okrug,Russia,2021-04-24 09:20:58,67.1471631,74.3415488,38426,37185,415,826
576,Yaroslavl Oblast,Russia,2021-04-24 09:20:58,57.7781976,39.0021095,38063,36272,518,1273
577,Zabaykalsky Krai,Russia,2021-04-24 09:20:58,52.248521,115.956325,42077,40624,618,835
578,,Rwanda,2021-04-24 09:20:58,-1.9403,29.8739,24459,22696,328,1435
579,,Saint Kitts and Nevis,2021-04-24 09:20:58,17.357822,-62.782998,44,44,0,0
580,,Saint Lucia,2021-04-24 09:20:58,13.9094,-60.9789,4455,4290,70,95
581,,Saint Vincent and the Grenadines,2021-04-24 09:20:58,12.9843,-61.2872,1827,1703,10,114
582,,Samoa,2021-04-24 09:20:58,-13.759,-172.1046,3,2,0,1
583,,San Marino,2021-04-24 09:20:58,43.9424,12.4578,5047,4839,89,119
584,,Sao Tome and Principe,2021-04-24 09:20:58,0.1864,6.6131,2292,2227,35,30
585,,Saudi Arabia,2021-04-24 09:20:58,23.885942,45.079162,410191,393671,6878,9642
586,,Senegal,2021-04-24 09:20:58,14.4974,-14.4524,40022,38786,1097,139
587,,Serbia,2021-04-24 09:20:58,44.0165,21.0059,675904,0,6164,669740
588,,Seychelles,2021-04-24 09:20:58,-4.6796,55.492,5206,4675,26,505
589,,Sierra Leone,2021-04-24 09:20:58,8.460555,-11.779889,4044,2914,79,1051
590,,Singapore,2021-04-24 09:20:58,1.2833,103.8333,60943,60613,30,300
591,,Slovakia,2021-04-24 09:20:58,48.669,19.699,379476,255300,11458,112718
592,,Slovenia,2021-04-24 09:20:58,46.1512,14.9955,235711,220505,4195,11011
593,,Solomon Islands,2021-04-24 09:20:58,-9.6457,160.1562,20,18,0,2
594,,Somalia,2021-04-24 09:20:58,5.152149,46.199616,13459,5593,689,7177
595,,South Africa,2021-04-24 09:20:58,-30.5595,22.9375,1572985,1499110,54066,19809
596,,South Sudan,2021-04-24 09:20:58,6.877,31.307,10515,10250,114,151
597,Andalusia,Spain,2021-04-24 09:20:58,37.5443,-4.7278,541843,10671,9528,521644
598,Aragon,Spain,2021-04-24 09:20:58,41.5976,-0.9057,116374,3772,3423,109179
599,Asturias,Spain,2021-04-24 09:20:58,43.3614,-5.8593,50028,1063,1938,47027
600,Baleares,Spain,2021-04-24 09:20:58,39.710358,2.995148,58885,1533,798,56554
601,C. Valenciana,Spain,2021-04-24 09:20:58,39.484,-0.7533,389344,9970,7245,372129
602,Canarias,Spain,2021-04-24 09:20:58,28.2916,-16.6291,51617,1537,721,49359
603,Cantabria,Spain,2021-04-24 09:20:58,43.1828,-3.9878,28004,2287,554,25163
604,Castilla - La Mancha,Spain,2021-04-24 09:20:58,39.2796,-3.0977,182975,6392,5840,170743
605,Castilla y Leon,Spain,2021-04-24 09:20:58,41.8357,-4.3976,220867,8716,6735,205416
606,Catalonia,Spain,2021-04-24 09:20:58,41.5912,1.5209,572754,26203,13954,532597
607,Ceuta,Spain,2021-04-24 09:20:58,35.8894,-5.3213,5699,163,103,5433
608,Extremadura,Spain,2021-04-24 09:20:58,39.4937,-6.0679,73439,2652,1783,69004
609,Galicia,Spain,2021-04-24 09:20:58,42.5751,-8.1339,120579,9204,2366,109009
610,La Rioja,Spain,2021-04-24 09:20:58,42.2871,-2.5396,29208,3107,757,25344
611,Madrid,Spain,2021-04-24 09:20:58,40.4168,-3.7038,669268,40736,14905,613627
612,Melilla,Spain,2021-04-24 09:20:58,35.2923,-2.9381,8563,125,88,8350
613,Murcia,Spain,2021-04-24 09:20:58,37.9922,-1.1307,110257,2180,1585,106492
614,Navarra,Spain,2021-04-24 09:20:58,42.6954,-1.6761,58786,3905,1144,53737
615,Pais Vasco,Spain,2021-04-24 09:20:58,42.9896,-2.6189,180127,16160,4124,159843
616,Unknown,Spain,2021-04-24 09:20:58,,,0,0,0,0
617,,Sri Lanka,2021-04-24 09:20:58,7.873054,80.771797,99691,94036,638,5017
618,,Sudan,2021-04-24 09:20:58,12.8628,30.2176,33673,26411,2300,4962
619,,Suriname,2021-04-24 09:20:58,3.9193,-56.0278,9932,9002,193,737
620,Blekinge,Sweden,2021-04-24 09:20:58,56.2784,15.018,10724,0,125,10599
621,Dalarna,Sweden,2021-04-24 09:20:58,61.0917,14.6664,22804,0,326,22478
622,Gavleborg,Sweden,2021-04-24 09:20:58,61.3012,16.1534,32223,0,543,31680
623,Gotland,Sweden,2021-04-24 09:20:58,57.4684,18.4867,3533,0,48,3485
624,Halland,Sweden,2021-04-24 09:20:58,56.8967,12.8034,37018,0,306,36712
625,Jamtland Harjedalen,Sweden,2021-04-24 09:20:58,63.1712,14.9592,10419,0,118,10301
626,Jonkoping,Sweden,2021-04-24 09:20:58,57.3708,14.3439,38026,0,544,37482
627,Kalmar,Sweden,2021-04-24 09:20:58,57.235,16.1849,19461,0,223,19238
628,Kronoberg,Sweden,2021-04-24 09:20:58,56.7183,14.4115,17811,0,302,17509
629,Norrbotten,Sweden,2021-04-24 09:20:58,66.8309,20.3992,19953,0,248,19705
630,Orebro,Sweden,2021-04-24 09:20:58,59.535,15.0066,27167,0,318,26849
631,Ostergotland,Sweden,2021-04-24 09:20:58,58.3454,15.5198,34320,0,599,33721
632,Skane,Sweden,2021-04-24 09:20:58,55.9903,13.5958,136944,0,1669,135275
633,Sormland,Sweden,2021-04-24 09:20:58,59.0336,16.7519,21852,0,439,21413
634,Stockholm,Sweden,2021-04-24 09:20:58,59.6025,18.1384,222719,0,4160,218559
635,Uppsala,Sweden,2021-04-24 09:20:58,60.0092,17.2715,35174,0,513,34661
636,Varmland,Sweden,2021-04-24 09:20:58,59.7294,13.2354,15797,0,196,15601
637,Vasterbotten,Sweden,2021-04-24 09:20:58,65.3337,16.5162,20182,0,178,20004
638,Vasternorrland,Sweden,2021-04-24 09:20:58,63.4276,17.7292,22467,0,445,22022
639,Vastmanland,Sweden,2021-04-24 09:20:58,59.6714,16.2159,23883,0,340,23543
640,Vastra Gotaland,Sweden,2021-04-24 09:20:58,58.2528,13.0596,165866,0,2283,163583
641,,Switzerland,2021-04-24 09:20:58,46.8182,8.2275,646509,317600,10567,318342
642,,Syria,2021-04-24 09:20:58,34.802075,38.996815,21864,15551,1510,4803
643,,Taiwan*,2021-04-24 09:20:58,23.7,121.0,1090,1044,11,35
644,,Tajikistan,2021-04-24 09:20:58,38.861,71.2761,13308,13218,90,0
645,,Tanzania,2021-04-24 09:20:58,-6.369028,34.888822,509,183,21,305
646,,Thailand,2021-04-24 09:20:58,15.870032,100.992541,53022,26873,129,26020
647,,Timor-Leste,2021-04-24 09:20:58,-8.874217,125.727539,1739,814,3,922
648,,Togo,2021-04-24 09:20:58,8.6195,0.8248,12742,10614,121,2007
649,,Trinidad and Tobago,2021-04-24 09:20:58,10.6918,-61.2225,9383,8065,157,1161
650,,Tunisia,2021-04-24 09:20:58,33.886917,9.537499,296343,246001,10170,40172
651,,Turkey,2021-04-24 09:20:58,38.9637,35.2433,4550820,3970111,37672,543037
652,,Uganda,2021-04-24 09:20:58,1.373333,32.290275,41575,40898,341,336
653,Cherkasy Oblast,Ukraine,2021-04-24 09:20:58,49.4444,32.0598,72245,57214,956,14075
654,Chernihiv Oblast,Ukraine,2021-04-24 09:20:58,51.4982,31.2893,52083,39743,1075,11265
655,Chernivtsi Oblast,Ukraine,2021-04-24 09:20:58,48.2917,25.9352,76423,58707,1608,16108
656,Crimea Republic*,Ukraine,2021-04-24 09:20:58,45.2835,34.2008,39869,37068,1186,1615
657,Dnipropetrovsk Oblast,Ukraine,2021-04-24 09:20:58,48.4647,35.0462,116466,91938,3134,21394
658,Donetsk Oblast,Ukraine,2021-04-24 09:20:58,48.0159,37.8028,76011,57678,1646,16687
659,Ivano-Frankivsk Oblast,Ukraine,2021-04-24 09:20:58,48.9226,24.7111,83301,75456,1926,5919
660,Kharkiv Oblast,Ukraine,2021-04-24 09:20:58,49.9935,36.2304,131237,101623,2557,27057
661,Kherson Oblast,Ukraine,2021-04-24 09:20:58,46.6354,32.6169,30056,23960,874,5222
662,Khmelnytskyi Oblast,Ukraine,2021-04-24 09:20:58,49.423,26.9871,81560,64857,1535,15168
663,Kiev,Ukraine,2021-04-24 09:20:58,50.4501,30.5234,191165,119737,4415,67013
664,Kiev Oblast,Ukraine,2021-04-24 09:20:58,50.053,30.7667,116277,93287,2239,20751
665,Kirovohrad Oblast,Ukraine,2021-04-24 09:20:58,48.5079,32.2623,17142,10420,606,6116
666,Luhansk Oblast,Ukraine,2021-04-24 09:20:58,48.574,39.3078,22382,17555,670,4157
667,Lviv Oblast,Ukraine,2021-04-24 09:20:58,49.8397,24.0297,126843,95415,3154,28274
668,Mykolaiv Oblast,Ukraine,2021-04-24 09:20:58,46.975,31.9946,61217,49386,1534,10297
669,Odessa Oblast,Ukraine,2021-04-24 09:20:58,46.4846,30.7326,130631,93733,2396,34502
670,Poltava Oblast,Ukraine,2021-04-24 09:20:58,49.5883,34.5514,69129,58020,1462,9647
671,Rivne Oblast,Ukraine,2021-04-24 09:20:58,50.6199,26.2516,69457,59153,973,9331
672,Sevastopol*,Ukraine,2021-04-24 09:20:58,44.6054,33.522,13932,12790,606,536
673,Sumy Oblast,Ukraine,2021-04-24 09:20:58,50.9077,34.7981,70956,59565,1074,10317
674,Ternopil Oblast,Ukraine,2021-04-24 09:20:58,49.5535,25.5948,64664,54765,1021,8878
675,Vinnytsia Oblast,Ukraine,2021-04-24 09:20:58,49.2331,28.4682,66795,47831,1452,17512
676,Volyn Oblast,Ukraine,2021-04-24 09:20:58,50.7472,25.3254,55592,46483,953,8156
677,Zakarpattia Oblast,Ukraine,2021-04-24 09:20:58,48.6208,22.2879,59503,51209,1494,6800
678,Zaporizhia Oblast,Ukraine,2021-04-24 09:20:58,47.8388,35.1396,93436,74170,1807,17459
679,Zhytomyr Oblast,Ukraine,2021-04-24 09:20:58,50.2547,28.6587,82770,64049,1531,17190
680,,United Arab Emirates,2021-04-24 09:20:58,23.424076,53.847818,506845,488664,1567,16614
681,Anguilla,United Kingdom,2021-04-24 09:20:58,18.2206,-63.0686,29,25,0,29
682,Bermuda,United Kingdom,2021-04-24 09:20:58,32.3078,-64.7505,2315,1572,23,720
683,British Virgin Islands,United Kingdom,2021-04-24 09:20:58,18.4207,-64.64,194,183,1,10
684,Cayman Islands,United Kingdom,2021-04-24 09:20:58,19.3133,-81.2546,531,509,2,20
685,Channel Islands,United Kingdom,2021-04-24 09:20:58,49.3723,-2.3644,4111,3956,86,69
686,England,United Kingdom,2021-04-24 09:20:58,52.3555,-1.1743,3845537,0,112054,3733483
687,Falkland Islands (Malvinas),United Kingdom,2021-04-24 09:20:58,-51.7963,-59.5236,63,62,0,1
688,Gibraltar,United Kingdom,2021-04-24 09:20:58,36.1408,-5.3536,4283,4173,94,16
689,Isle of Man,United Kingdom,2021-04-24 09:20:58,54.2361,-4.5481,1585,1545,29,11
690,Montserrat,United Kingdom,2021-04-24 09:20:58,16.742498,-62.187366,20,19,1,0
691,Northern Ireland,United Kingdom,2021-04-24 09:20:58,54.7877,-6.4923,119559,0,2141,117418
692,"Saint Helena, Ascension and Tristan da Cunha",United Kingdom,2021-04-24 09:20:58,-7.9467,-14.3559,4,4,0,0
693,Scotland,United Kingdom,2021-04-24 09:20:58,56.4907,-4.2026,224851,0,7647,217204
694,Turks and Caicos Islands,United Kingdom,2021-04-24 09:20:58,21.694,-71.7979,2375,2326,17,32
695,Unknown,United Kingdom,2021-04-24 09:20:58,,,0,0,0,0
696,Wales,United Kingdom,2021-04-24 09:20:58,52.1307,-3.7837,211162,0,5543,205619
697,,Uruguay,2021-04-24 09:20:58,-32.5228,-55.7658,179537,148561,2227,28749
698,,Uzbekistan,2021-04-24 09:20:58,41.377491,64.585262,88679,85536,642,2501
699,,Vanuatu,2021-04-24 09:20:58,-15.3767,166.9592,4,3,1,0
700,,Venezuela,2021-04-24 09:20:58,6.4238,-66.5897,189381,172035,2009,15337
701,,Vietnam,2021-04-24 09:20:58,14.058324,108.277199,2832,2490,35,307
702,,West Bank and Gaza,2021-04-24 09:20:58,31.9522,35.2332,289120,259105,3138,26877
703,,Yemen,2021-04-24 09:20:58,15.552727,48.516388,6056,2454,1165,2437
704,,Zambia,2021-04-24 09:20:58,-13.133897,27.849332,91251,89256,1245,750
705,,Zimbabwe,2021-04-24 09:20:58,-19.015438,29.154857,38045,35094,1556,1395
706,Mississippi,US,2021-04-24 09:20:58,32.741646,-89.678696,310349,0,7175,0
707,Grand Princess,US,2020-08-04 02:27:56,37.64894,-122.665479,103,0,3,0
708,Oklahoma,US,2021-04-24 09:20:58,35.565342,-96.928917,446550,0,6716,0
709,Delaware,US,2021-04-24 09:20:58,39.318523,-75.507141,102593,0,1609,0
710,Minnesota,US,2021-04-24 09:20:58,45.694454,-93.900192,564584,0,7142,0
711,Illinois,US,2021-04-24 09:20:58,40.349457,-88.986137,1315983,0,24083,0
712,Arkansas,US,2021-04-24 09:20:58,34.969704,-92.373123,334458,0,5716,0
713,New Mexico,US,2021-04-24 09:20:58,34.840515,-106.248482,196221,0,4024,0
714,Indiana,US,2021-04-24 09:20:58,39.849426,-86.258278,712858,0,13256,0
715,Louisiana,US,2021-04-24 09:20:58,31.169546,-91.867805,455541,0,10336,0
716,Texas,US,2021-04-24 09:20:58,31.054487,-97.563461,2870407,0,49877,0
717,Wisconsin,US,2021-04-24 09:20:58,44.268543,-89.616508,655410,0,7452,0
718,Kansas,US,2021-04-24 09:20:58,38.5266,-96.726486,308883,0,4924,0
719,Recovered,US,2021-04-24 09:20:58,0.0,0.0,0,0,0,0
721,Connecticut,US,2021-04-24 09:20:58,41.597782,-72.755371,334766,0,8047,0
722,Virgin Islands,US,2021-04-24 09:20:58,18.3358,-64.8963,3068,0,27,0
723,California,US,2021-04-24 09:20:58,36.116203,-119.681564,3729116,0,61401,0
724,Puerto Rico,US,2021-04-24 09:20:58,18.2208,-66.5901,127450,0,2263,0
725,Georgia,US,2021-04-24 09:20:58,33.040619,-83.643074,1091339,0,19917,0
726,North Dakota,US,2021-04-24 09:20:58,47.528912,-99.784012,106537,0,1517,0
727,Pennsylvania,US,2021-04-24 09:20:58,40.590752,-77.209755,1128688,0,25927,0
728,West Virginia,US,2021-04-24 09:20:58,38.491226,-80.954453,150693,0,2813,0
729,Alaska,US,2021-04-24 09:20:58,61.370716,-152.404419,67059,0,334,0
730,Tennessee,US,2021-04-24 09:20:58,35.747845,-86.692345,841049,0,12142,0
732,Missouri,US,2021-04-24 09:20:58,38.456085,-92.288368,587870,0,9068,0
733,South Dakota,US,2021-04-24 09:20:58,44.299782,-99.438828,121850,0,1957,0
734,Colorado,US,2021-04-24 09:20:58,39.059811,-105.311104,498758,0,6231,0
735,New Jersey,US,2021-04-24 09:20:58,40.298904,-74.521011,993414,0,25328,0
736,Guam,US,2021-04-24 09:20:58,13.4443,144.7937,7911,0,136,0
737,Washington,US,2021-04-24 09:20:58,47.400902,-121.490494,393594,0,5434,0
738,New York,US,2021-04-24 09:20:58,42.165726,-74.948051,2022891,0,51892,0
739,Nevada,US,2021-04-24 09:20:58,38.313515,-117.055374,312840,0,5422,0
740,Northern Mariana Islands,US,2021-04-24 09:20:58,15.0979,145.6739,164,0,2,0
741,Diamond Princess,US,2020-08-04 02:27:56,35.4437,139.638,49,0,0,0
742,Maryland,US,2021-04-24 09:20:58,39.063946,-76.802101,441155,0,8633,0
743,Idaho,US,2021-04-24 09:20:58,44.240459,-114.478828,186183,0,2031,0
744,Wyoming,US,2021-04-24 09:20:58,42.755966,-107.30249,57696,0,705,0
745,Arizona,US,2021-04-24 09:20:58,33.729759,-111.431221,857347,0,17238,0
746,Iowa,US,2021-04-24 09:20:58,42.011539,-93.210526,362593,0,5907,0
747,Michigan,US,2021-04-24 09:20:58,43.326618,-84.536095,906596,0,18283,0
748,Utah,US,2021-04-24 09:20:58,40.150032,-111.862434,394678,0,2179,0
749,Virginia,US,2021-04-24 09:20:58,37.769337,-78.169968,652321,0,10666,0
750,Oregon,US,2021-04-24 09:20:58,44.572021,-122.070938,179120,0,2477,0
751,Montana,US,2021-04-24 09:20:58,46.921925,-110.454353,107873,0,1559,0
752,New Hampshire,US,2021-04-24 09:20:58,43.452492,-71.563896,93231,0,1281,0
753,Massachusetts,US,2021-04-24 09:20:58,42.230171,-71.530106,680007,0,17528,0
754,South Carolina,US,2021-04-24 09:20:58,33.856892,-80.945007,573225,0,9404,0
755,Vermont,US,2021-04-24 09:20:58,44.045876,-72.710686,22416,0,243,0
756,Florida,US,2021-04-24 09:20:58,27.766279,-81.686783,2196502,0,34759,0
757,Hawaii,US,2021-04-24 09:20:58,21.094318,-157.498337,33178,0,477,0
758,Kentucky,US,2021-04-24 09:20:58,37.66814,-84.670067,440149,0,6403,0
759,Rhode Island,US,2021-04-24 09:20:58,41.680893,-71.51178,146324,0,2660,0
760,Nebraska,US,2021-04-24 09:20:58,41.12537,-98.268082,218197,0,2241,0
761,Ohio,US,2021-04-24 09:20:58,40.388783,-82.764915,1061907,0,19122,0
762,Alabama,US,2021-04-24 09:20:58,32.3182,-86.9023,525477,0,10840,0
763,North Carolina,US,2021-04-24 09:20:58,35.630066,-79.806419,956932,0,12523,0
764,District of Columbia,US,2021-04-24 09:20:58,38.897438,-77.026817,47141,0,1099,0
765,Maine,US,2021-04-24 09:20:58,44.693947,-69.381927,59239,0,771,0
